,df,sum_sq,mean_sq,F,PR(>F)
C(Habitat),4.0,17394186.080405716,4348546.520101429,32.58736659891176,3.357668848206593e-27
Residual,172387.0,23003788498.38571,133442.71028781586,,
